{
  "project_info": {
    "project_number": "986118479870",
    "firebase_url": "https://hanium-draw-commu.firebaseio.com",
    "project_id": "hanium-draw-commu",
    "storage_bucket": "hanium-draw-commu.appspot.com"
  },
  "client": [
    {
      "client_info": {
        "mobilesdk_app_id": "1:986118479870:android:db4c8924eabd8d94",
        "android_client_info": {
          "package_name": "com.example.songhyeonseok.drawing"
        }
      },
      "oauth_client": [
        {
          "client_id": "986118479870-7jp9p940luju0704rr00m938viq1m9ms.apps.googleusercontent.com",
          "client_type": 1,
          "android_info": {
            "package_name": "com.example.songhyeonseok.drawing",
            "certificate_hash": "126dbd48e4eae5da7423db4b99077a820767b476"
          }
        },
        {
          "client_id": "986118479870-pmivmfrp967edlphfij11rcjvl8fp6ku.apps.googleusercontent.com",
          "client_type": 3
        }
      ],
      "api_key": [
        {
          "current_key": "AIzaSyDAa7b8-AOTfr-hp43nSC9f50NHSW_kCvY"
        }
      ],
      "services": {
        "analytics_service": {
          "status": 1
        },
        "appinvite_service": {
          "status": 2,
          "other_platform_oauth_client": [
            {
              "client_id": "986118479870-pmivmfrp967edlphfij11rcjvl8fp6ku.apps.googleusercontent.com",
              "client_type": 3
            }
          ]
        },
        "ads_service": {
          "status": 2
        }
      }
    }
  ],
  "configuration_version": "1"
}